<?xml version="1.0" encoding="UTF-8"?>
<project-private xmlns="http://www.netbeans.org/ns/project-private/1">
    <editor-bookmarks xmlns="http://www.netbeans.org/ns/editor-bookmarks/2" lastBookmarkId="0"/>
    <open-files xmlns="http://www.netbeans.org/ns/projectui-open-files/2">
        <group>
            <file>file:/C:/Users/LENOVO/Documents/UPVT/4TO%20CUATRIMESTRE/INGENIERIA%20DE%20SOFTWARE/PROYECTO_VETERINARIA/VETERINARIA%20PETS/src/Vista/ventana_menu.java</file>
            <file>file:/C:/Users/LENOVO/Documents/UPVT/4TO%20CUATRIMESTRE/INGENIERIA%20DE%20SOFTWARE/PROYECTO_VETERINARIA/VETERINARIA%20PETS/src/Controlador/VentaPDF.java</file>
            <file>file:/C:/Users/LENOVO/Documents/UPVT/4TO%20CUATRIMESTRE/INGENIERIA%20DE%20SOFTWARE/PROYECTO_VETERINARIA/VETERINARIA%20PETS/src/Controlador/Ctrl_Productos.java</file>
            <file>file:/C:/Users/LENOVO/Documents/UPVT/4TO%20CUATRIMESTRE/INGENIERIA%20DE%20SOFTWARE/PROYECTO_VETERINARIA/VETERINARIA%20PETS/src/Vista/InterGestionarCliente.java</file>
            <file>file:/C:/Users/LENOVO/Documents/UPVT/4TO%20CUATRIMESTRE/INGENIERIA%20DE%20SOFTWARE/PROYECTO_VETERINARIA/VETERINARIA%20PETS/src/Modelo/CabeceraVenta.java</file>
            <file>file:/C:/Users/LENOVO/Documents/UPVT/4TO%20CUATRIMESTRE/INGENIERIA%20DE%20SOFTWARE/PROYECTO_VETERINARIA/VETERINARIA%20PETS/src/Vista/InterProductos.java</file>
            <file>file:/C:/Users/LENOVO/Documents/UPVT/4TO%20CUATRIMESTRE/INGENIERIA%20DE%20SOFTWARE/PROYECTO_VETERINARIA/VETERINARIA%20PETS/src/Vista/InterGestionarProovedores.java</file>
            <file>file:/C:/Users/LENOVO/Documents/UPVT/4TO%20CUATRIMESTRE/INGENIERIA%20DE%20SOFTWARE/PROYECTO_VETERINARIA/VETERINARIA%20PETS/src/Controlador/Ctrl_Proovedores.java</file>
            <file>file:/C:/Users/LENOVO/Documents/UPVT/4TO%20CUATRIMESTRE/INGENIERIA%20DE%20SOFTWARE/PROYECTO_VETERINARIA/VETERINARIA%20PETS/src/Controlador/Ctrl_RegistroVenta.java</file>
            <file>file:/C:/Users/LENOVO/Documents/UPVT/4TO%20CUATRIMESTRE/INGENIERIA%20DE%20SOFTWARE/PROYECTO_VETERINARIA/VETERINARIA%20PETS/src/Vista/InterGestionarProductos.java</file>
            <file>file:/C:/Users/LENOVO/Documents/UPVT/4TO%20CUATRIMESTRE/INGENIERIA%20DE%20SOFTWARE/PROYECTO_VETERINARIA/VETERINARIA%20PETS/src/Vista/InterFacturacion.java</file>
            <file>file:/C:/Users/LENOVO/Documents/UPVT/4TO%20CUATRIMESTRE/INGENIERIA%20DE%20SOFTWARE/PROYECTO_VETERINARIA/VETERINARIA%20PETS/src/conexion/conexionBD.java</file>
            <file>file:/C:/Users/LENOVO/Documents/UPVT/4TO%20CUATRIMESTRE/INGENIERIA%20DE%20SOFTWARE/PROYECTO_VETERINARIA/VETERINARIA%20PETS/src/Modelo/Proovedores.java</file>
            <file>file:/C:/Users/LENOVO/Documents/UPVT/4TO%20CUATRIMESTRE/INGENIERIA%20DE%20SOFTWARE/PROYECTO_VETERINARIA/VETERINARIA%20PETS/src/Modelo/DetalleVenta.java</file>
            <file>file:/C:/Users/LENOVO/Documents/UPVT/4TO%20CUATRIMESTRE/INGENIERIA%20DE%20SOFTWARE/PROYECTO_VETERINARIA/VETERINARIA%20PETS/src/Vista/InterProovedores.java</file>
            <file>file:/C:/Users/LENOVO/Documents/UPVT/4TO%20CUATRIMESTRE/INGENIERIA%20DE%20SOFTWARE/PROYECTO_VETERINARIA/VETERINARIA%20PETS/src/Controlador/Reportes.java</file>
            <file>file:/C:/Users/LENOVO/Documents/UPVT/4TO%20CUATRIMESTRE/INGENIERIA%20DE%20SOFTWARE/PROYECTO_VETERINARIA/VETERINARIA%20PETS/src/Vista/InterCliente.java</file>
            <file>file:/C:/Users/LENOVO/Documents/UPVT/4TO%20CUATRIMESTRE/INGENIERIA%20DE%20SOFTWARE/PROYECTO_VETERINARIA/VETERINARIA%20PETS/src/Vista/InterActualizarStock.java</file>
            <file>file:/C:/Users/LENOVO/Documents/UPVT/4TO%20CUATRIMESTRE/INGENIERIA%20DE%20SOFTWARE/PROYECTO_VETERINARIA/VETERINARIA%20PETS/src/Modelo/Cliente.java</file>
            <file>file:/C:/Users/LENOVO/Documents/UPVT/4TO%20CUATRIMESTRE/INGENIERIA%20DE%20SOFTWARE/PROYECTO_VETERINARIA/VETERINARIA%20PETS/src/Controlador/Ctrl_Cliente.java</file>
            <file>file:/C:/Users/LENOVO/Documents/UPVT/4TO%20CUATRIMESTRE/INGENIERIA%20DE%20SOFTWARE/PROYECTO_VETERINARIA/VETERINARIA%20PETS/src/Modelo/Productos.java</file>
        </group>
    </open-files>
</project-private>
